timestamp,topic,latency,content
1740440242.5589676,sound,0.0012955665588378906,89
1740440242.560202,pressure,0.0017123222351074219,954
1740440242.5618303,humidity,0.0012121200561523438,34.602305264357796
1740440243.5641723,sound,0.0011525154113769531,40
1740440243.5653572,pressure,0.002065896987915039,1034
1740440243.5658078,humidity,0.0006763935089111328,13.68461550911436
1740440244.5693698,sound,0.0018002986907958984,54
1740440244.5716016,pressure,0.0035550594329833984,930
1740440244.5725708,humidity,0.0027663707733154297,15.753044850532728
1740440245.5732696,sound,0.0009763240814208984,91
1740440245.573704,pressure,0.0010869503021240234,946
1740440245.5739434,humidity,0.00107574462890625,11.928642800757723
1740440246.5769856,sound,0.0014257431030273438,36
1740440246.5776024,pressure,0.0015840530395507812,1074
1740440246.579373,humidity,0.0030205249786376953,69.53789833730858
1740440247.5820205,sound,0.0019063949584960938,81
1740440247.5834947,pressure,0.0029790401458740234,978
1740440247.5845044,humidity,0.0036454200744628906,40.17207194738659
1740440248.5845828,sound,0.001087188720703125,85
1740440248.5857012,pressure,0.0016679763793945312,1044
1740440248.5859768,humidity,0.0017621517181396484,16.740445471612837
1740440249.5895815,sound,0.0025377273559570312,51
1740440249.5912225,pressure,0.0036978721618652344,1039
1740440249.5919576,humidity,0.004068851470947266,46.513681789946716
1740440250.5912402,sound,0.0013289451599121094,32
1740440250.5920916,pressure,0.0015861988067626953,1060
1740440250.5933235,humidity,0.0019202232360839844,59.04397721981136
1740440251.5968733,sound,0.002935647964477539,54
1740440251.5982287,pressure,0.004017353057861328,961
1740440251.5985386,humidity,0.004115104675292969,14.678300126223174
1740440252.597788,sound,0.001790761947631836,91
1740440252.598343,pressure,0.0019488334655761719,1070
1740440252.5986612,humidity,0.0020716190338134766,24.7118164656014
1740440253.6013253,sound,0.002485513687133789,95
1740440253.6019301,pressure,0.002652883529663086,993
1740440253.6022327,humidity,0.0024461746215820312,86.17011539718916
1740440254.6044333,sound,0.0023865699768066406,88
1740440254.6059027,pressure,0.003026247024536133,955
1740440254.606662,humidity,0.002637147903442383,70.35070839333764
1740440255.608915,sound,0.0026428699493408203,60
1740440255.610944,pressure,0.004192829132080078,925
1740440255.6119487,humidity,0.0048198699951171875,52.61570048959888
1740440256.6102211,sound,0.0022737979888916016,68
1740440256.6117802,pressure,0.0033872127532958984,1082
1740440256.6126478,humidity,0.003965854644775391,71.5812200436522
1740440257.6127315,sound,0.0023446083068847656,61
1740440257.6142771,pressure,0.0022449493408203125,919
1740440257.615153,humidity,0.002771139144897461,61.655537730908016
1740440258.6174307,sound,0.002671480178833008,78
1740440258.6191695,pressure,0.0035614967346191406,912
1740440258.6195958,humidity,0.0033216476440429688,29.822202436203703
1740440259.6181505,sound,0.0004673004150390625,82
1740440259.6186335,pressure,0.0008635520935058594,1025
1740440259.6187067,humidity,0.0008997917175292969,26.87211754872663
1740440260.623242,sound,0.002349853515625,73
1740440260.62493,pressure,0.0035543441772460938,1001
1740440260.6257613,humidity,0.003118276596069336,20.856127957563004
1740440261.627711,sound,0.0018010139465332031,81
1740440261.6296968,pressure,0.0026559829711914062,1058
1740440261.6302257,humidity,0.0028035640716552734,79.27446317909732
1740440262.6326745,sound,0.0017545223236083984,47
1740440262.6331377,pressure,0.001939535140991211,916
1740440262.6333416,humidity,0.0020155906677246094,20.67675674384816
1740440263.63725,sound,0.003301382064819336,69
1740440263.6378498,pressure,0.003425121307373047,932
1740440263.6382165,humidity,0.003513813018798828,69.31259309830472
1740440264.639342,sound,0.0026450157165527344,59
1740440264.6421807,pressure,0.004703998565673828,895
1740440264.6427422,humidity,0.001535177230834961,37.31010758973155
1740440265.6461425,sound,0.0029108524322509766,37
1740440265.6467755,pressure,0.0030794143676757812,1082
1740440265.6490817,humidity,0.005111217498779297,13.935732381314025
1740440266.6497476,sound,0.002607583999633789,67
1740440266.6504993,pressure,0.0029289722442626953,900
1740440266.6515317,humidity,0.003674745559692383,42.28585354523115
1740440267.6525617,sound,0.002462625503540039,30
1740440267.6532485,pressure,0.0026559829711914062,953
1740440267.6535695,humidity,0.0026636123657226562,15.921678914718395
1740440268.654928,sound,0.002010822296142578,81
1740440268.6574457,pressure,0.002527475357055664,1036
1740440268.658626,humidity,0.0034487247467041016,98.85343518740632
1740440269.6604576,sound,0.0022382736206054688,66
1740440269.6619616,pressure,0.003259420394897461,1034
1740440269.6623979,humidity,0.003360271453857422,65.44044007985386
1740440270.664758,sound,0.0025665760040283203,66
1740440270.6673033,pressure,0.004775047302246094,1048
1740440270.6677928,humidity,0.005120038986206055,72.93703292042792
1740440271.6662352,sound,0.001739501953125,56
1740440271.6680999,pressure,0.002135753631591797,954
1740440271.6689718,humidity,0.0027742385864257812,10.427277366877366
1740440272.67097,sound,0.0020046234130859375,92
1740440272.6721842,pressure,0.002813577651977539,948
1740440272.6727815,humidity,0.0031347274780273438,58.370686865196205
1740440273.6750205,sound,0.002307891845703125,48
1740440273.6766129,pressure,0.003411531448364258,986
1740440273.677653,humidity,0.003153085708618164,50.07060909807953
1740440274.6771119,sound,0.0017142295837402344,85
1740440274.678948,pressure,0.0022115707397460938,972
1740440274.680691,humidity,0.003410816192626953,70.31114902986891
1740440275.6832256,sound,0.0026006698608398438,72
1740440275.6847987,pressure,0.002191305160522461,975
1740440275.6851041,humidity,0.0022268295288085938,24.970358277308012
1740440276.6884522,sound,0.0028967857360839844,92
1740440276.6892173,pressure,0.002190828323364258,1024
1740440276.6896298,humidity,0.0023615360260009766,24.732311472578978
1740440277.6901503,sound,0.0011553764343261719,51
1740440277.6910985,pressure,0.0012836456298828125,897
1740440277.692681,humidity,0.0008938312530517578,14.330574470515138
1740440278.695058,sound,0.0013852119445800781,52
1740440278.6964035,pressure,0.002511739730834961,1043
1740440278.6973457,humidity,0.0027458667755126953,10.197674527798048
1740440279.7001438,sound,0.0023953914642333984,92
1740440279.7029157,pressure,0.004678487777709961,1053
1740440279.7045157,humidity,0.0059812068939208984,33.37210488577476
1740440280.7034805,sound,0.0025320053100585938,84
1740440280.7049973,pressure,0.003612518310546875,985
1740440280.7054117,humidity,0.003780841827392578,37.81166927496768
1741485751.6544642,altitude,0.0005209445953369141,31090
1741485751.6557972,temperature,0.0017857551574707031,-10
1741485752.656707,altitude,0.001583099365234375,26385
1741485752.659398,temperature,0.0040585994720458984,14
1741485753.6604958,altitude,0.0023965835571289062,2014
1741485753.662069,temperature,0.0035164356231689453,-74
1741485754.6630876,altitude,0.001596212387084961,24277
1741485754.6639767,temperature,0.002022266387939453,81
1741485755.665464,altitude,0.0010695457458496094,10284
1741485755.6658654,temperature,0.0010406970977783203,-75
1741485756.6696534,altitude,0.0021495819091796875,17439
1741485756.670203,temperature,0.0015532970428466797,-80
1741485757.6739528,altitude,0.0024640560150146484,29633
1741485757.6746123,temperature,0.0027108192443847656,40
1741485758.6769054,altitude,0.0025238990783691406,3663
1741485758.6773946,temperature,0.0022361278533935547,-5
1741485759.6796982,altitude,0.0020537376403808594,931
1741485759.6805704,temperature,0.0023872852325439453,-60
1741485760.6827261,altitude,0.002398252487182617,26839
1741485760.6834223,temperature,0.002699136734008789,-87
1741485761.684789,altitude,0.001692056655883789,9310
1741485761.6851447,temperature,0.0014467239379882812,-77
1741485762.686815,altitude,0.0008361339569091797,31817
1741485762.687201,temperature,0.0009417533874511719,-8
1741485763.6884696,altitude,0.0005600452423095703,30500
1741485763.6887648,temperature,0.0006575584411621094,-21
1741485764.693477,altitude,0.0023801326751708984,14006
1741485764.6943748,temperature,0.0025184154510498047,1
1741485765.695457,altitude,0.0012083053588867188,17162
1741485765.695872,temperature,0.0012385845184326172,-85
1741485766.6976569,altitude,0.0013072490692138672,35873
1741485766.6979585,temperature,0.0014507770538330078,-40
1741485943.8237824,weather,0.002585887908935547,icy
1741485943.824548,temperature,0.0029497146606445312,48
1741485944.8259623,weather,0.0021517276763916016,icy
1741485944.827245,temperature,0.0030260086059570312,-73
1741485945.8295724,weather,0.002538919448852539,icy
1741485945.8304014,temperature,0.002876758575439453,19
1741485946.8331728,weather,0.002191781997680664,icy
1741485946.833927,temperature,0.002540111541748047,63
1741485947.8361483,weather,0.002428293228149414,sunny
1741485947.8368816,temperature,0.0027463436126708984,-67
1741485948.8400543,weather,0.0026824474334716797,cloudy
1741485948.8406875,temperature,0.002948284149169922,78
1741646063.4737928,humidity,0.0004863739013671875,81.11106260831583
1741646063.4742384,light,0.0007462501525878906,1600
1741646064.4777205,humidity,0.0019223690032958984,98.97083195757493
1741646064.478539,light,0.0023162364959716797,1100
1741646065.479132,humidity,0.0014705657958984375,67.30834209459071
1741646065.479746,light,0.0016651153564453125,800
1741646066.481881,humidity,0.0014445781707763672,69.73612818071106
1741646066.482511,light,0.001623392105102539,450
1741646067.4840477,humidity,0.001718759536743164,43.43807061890363
1741646067.484672,light,0.0019130706787109375,450
1741646068.4698431,humidity,0.0013456344604492188,38.19500389551723
1741646068.470591,light,0.0015017986297607422,1600
1741646069.4736633,humidity,0.001280069351196289,78.73561603648446
1741646069.4743552,light,0.0013704299926757812,1600
1741646070.4778543,humidity,0.0019199848175048828,57.046241782074304
1741646070.4793072,light,0.0022933483123779297,1100
1741646071.481197,humidity,0.001336812973022461,18.62265009030496
1741646071.4833052,light,0.003020048141479492,1600
1741646072.4848928,humidity,0.0013952255249023438,32.72037698727749
1741646072.4864717,light,0.0025589466094970703,1600
1741646073.488827,humidity,0.0016100406646728516,19.44913867563507
1741646073.4895124,light,0.0018630027770996094,450
1741646074.489444,humidity,0.0002503395080566406,21.635230535855072
1741646074.4895756,light,0.00030922889709472656,800
1741646075.4916315,humidity,0.0009500980377197266,20.17996018666023
1741646075.492978,light,0.0016734600067138672,1600
1741646076.4935267,humidity,0.0005238056182861328,98.9206229255569
1741646076.4937847,light,0.0005323886871337891,450
1741646077.4960723,humidity,0.0007352828979492188,86.47340533227268
1741646077.4965255,light,0.0009264945983886719,450
1741646078.4731293,humidity,0.0001976490020751953,64.68715297063952
1741646078.473539,light,0.0005054473876953125,450
1741646079.476273,humidity,0.001013040542602539,38.00924827029256
1741646079.4777474,light,0.0005397796630859375,450
1741646080.4960327,humidity,0.015683889389038086,44.947078400905234
1741646080.496504,light,0.01580977439880371,1100
1741646081.4844449,humidity,0.001420736312866211,25.95614800601115
1741646081.4863474,light,0.001588582992553711,1600
1741646082.4874885,humidity,0.0006282329559326172,59.634278389965836
1741646082.4878068,light,0.0007727146148681641,1600
1741646083.4910507,humidity,0.001535177230834961,84.55796319210599
1741646083.4917262,light,0.0017485618591308594,450
1741646084.493535,humidity,0.0007081031799316406,34.19210036229247
1741646084.493952,light,0.0008955001831054688,1600
1741646085.49683,humidity,0.0014390945434570312,31.92252061258813
1741646085.4975364,light,0.0015664100646972656,800
1741650018.9118202,temperature,0.002588033676147461,-85
1741650018.9129748,location,0.003335237503051758,Asia
1741650019.925269,temperature,0.012442588806152344,-96
1741650019.927353,location,0.014072179794311523,America
1741650020.9184463,temperature,0.0022547245025634766,-57
1741650020.9192133,location,0.0026006698608398438,Australia
1741650021.9298966,temperature,0.0110321044921875,-90
1741650021.9303846,location,0.011052131652832031,Asia
1741650022.9234614,temperature,0.0013608932495117188,63
1741650022.9238474,location,0.0015361309051513672,America
1741650023.9348848,temperature,0.01110076904296875,68
1741650023.9354067,location,0.011409282684326172,Europe
1741671816.6310613,airquality,0.002524852752685547,smog
1741671816.632028,pressure,0.0030820369720458984,1057
1741671817.63506,airquality,0.002714872360229492,good
1741671817.636214,pressure,0.0034418106079101562,1056
1741671818.6474986,airquality,0.011590957641601562,smog
1741671818.64802,pressure,0.011841773986816406,984
1741671819.6419325,airquality,0.002483844757080078,good
1741671819.643496,pressure,0.0036444664001464844,993
1741671820.6453874,airquality,0.0021882057189941406,poor
1741671820.6553729,pressure,0.011632442474365234,1029
1741671821.6458278,airquality,0.0007584095001220703,good
1741671821.6466007,pressure,0.0014069080352783203,997
1741678496.4917865,location,0.009355783462524414,Australia
1741678496.492561,humidity,0.009931325912475586,73.7189576432846
1741678497.4774973,location,0.0008478164672851562,Australia
1741678497.4777694,humidity,0.0009553432464599609,40.390960519381025
1741678498.4815838,location,0.0028295516967773438,Asia
1741678498.4822035,humidity,0.003036022186279297,11.720804731473276
1741678499.4822147,location,0.001027822494506836,Europe
1741678499.4830143,humidity,0.0016324520111083984,27.931797856733564
1741678500.4866865,location,0.0031511783599853516,America
1741678500.4875853,humidity,0.0035173892974853516,97.69457653499545
1741678501.5016053,location,0.013097763061523438,Africa
1741678501.502723,humidity,0.013763189315795898,58.91025301263362
1741678502.491866,location,0.0010972023010253906,Australia
1741678502.4925337,humidity,0.0015819072723388672,52.69216990074627
1741678503.5074458,location,0.013268709182739258,Africa
1741678503.5090935,humidity,0.014348983764648438,92.26566454958831
1741678504.5003526,location,0.0020895004272460938,Australia
1741678504.5016909,humidity,0.0030105113983154297,14.72493166542532
1741678505.5111618,location,0.01090860366821289,Asia
1741678505.5129225,humidity,0.01228642463684082,31.004267724653577
1741678506.5043805,location,0.0009698867797851562,Africa
1741678506.5048597,humidity,0.0012705326080322266,68.1605778200641
1741678507.4950056,location,0.0008680820465087891,Asia
1741678507.4959238,humidity,0.001657247543334961,77.38127286708432
1741678508.509311,location,0.01260066032409668,Asia
1741678508.5106332,humidity,0.013458728790283203,14.139119254518437
1741678509.5009544,location,0.0014259815216064453,Asia
1741678509.50206,humidity,0.0022554397583007812,34.71105998090766
1741678510.511416,location,0.010240554809570312,Asia
1741678510.511798,humidity,0.010482311248779297,32.142837231304576
1741678511.5045419,location,0.0024590492248535156,Australia
1741678511.5047922,humidity,0.0025742053985595703,99.84738885167705
1741678512.507485,location,0.0020928382873535156,Asia
1741678512.5084498,humidity,0.0025992393493652344,99.45433375931374
1741678513.5111947,location,0.0024368762969970703,Europe
1741678513.513081,humidity,0.0038237571716308594,89.33988458029987
1741678514.5123622,location,0.0007355213165283203,Africa
1741678514.523416,humidity,0.011596918106079102,75.59933288751729
1741678515.514486,location,0.0005586147308349609,Australia
1741678515.5249197,humidity,0.01075434684753418,83.35463764404842
1741678649.1542568,temperature,0.0022656917572021484,-54
1741678649.155727,pressure,0.0030601024627685547,1058
1741678650.1576636,temperature,0.002001047134399414,74
1741678650.1675286,pressure,0.011014223098754883,1064
1741678651.1593277,temperature,0.0003192424774169922,14
1741678651.1595454,pressure,0.0004756450653076172,1061
1741678652.1551433,temperature,0.0010364055633544922,-5
1741678652.1555977,pressure,0.0013439655303955078,950
1741678653.1695268,temperature,0.012202262878417969,-49
1741678653.1703374,pressure,0.012483596801757812,961
1741678654.1616075,temperature,0.0012257099151611328,79
1741678654.1720161,pressure,0.011329412460327148,1001
1741678655.1646836,temperature,0.001811981201171875,38
1741678655.1747253,pressure,0.011343002319335938,1080
1741678656.167393,temperature,0.0010137557983398438,-74
1741678656.1680977,pressure,0.0015511512756347656,956
1741678657.180491,temperature,0.011740446090698242,91
1741678657.1812224,pressure,0.01172494888305664,870
1741678658.17381,temperature,0.001360177993774414,-23
1741678658.1861618,pressure,0.01259469985961914,940
1741678659.177183,temperature,0.0015494823455810547,46
1741678659.1776688,pressure,0.0017642974853515625,1018
1741678660.179943,temperature,0.0016736984252929688,69
1741678660.1803966,pressure,0.001905679702758789,980
1741678661.1810212,temperature,0.0015993118286132812,-41
1741678661.1815205,pressure,0.0018169879913330078,1026
1741678662.178383,temperature,0.0006437301635742188,79
1741678663.1828775,temperature,0.0023703575134277344,50
1741678663.1923919,pressure,0.0104522705078125,1010
1741678664.1871042,temperature,0.002274036407470703,-6
1741678664.1983285,pressure,0.011360883712768555,940
1741678665.1925528,temperature,0.002434253692626953,-100
1741678665.2026937,pressure,0.01117086410522461,1023
1741678666.1956246,temperature,0.001556396484375,76
1741678666.1983266,pressure,0.003839254379272461,1010
1741678667.2104943,temperature,0.011606931686401367,49
1741678667.2109857,pressure,0.011789321899414062,884
1741678668.2016075,temperature,0.0009543895721435547,82
1741678668.202366,pressure,0.0016086101531982422,901
1741678669.2113152,temperature,0.007551670074462891,76
1741678669.2118416,pressure,0.007907867431640625,876
1741678670.2078035,temperature,0.0017125606536865234,33
1741678670.2083385,pressure,0.0020186901092529297,951
1741678686.2169688,temperature,0.0011928081512451172,19
1741678686.227493,pressure,0.011308908462524414,1019
1741678687.218847,temperature,0.0006592273712158203,-72
1741678687.229252,pressure,0.010879755020141602,909
1741678688.2228463,temperature,0.001628875732421875,99
1741678688.233863,pressure,0.011835575103759766,888
1741678689.2266283,temperature,0.0016717910766601562,-57
1741678689.23671,pressure,0.01098012924194336,895
1741678690.2327693,temperature,0.0022735595703125,-95
1741678690.242856,pressure,0.011499166488647461,923
1741678691.2364612,temperature,0.0007534027099609375,-79
1741678691.2368295,pressure,0.000919342041015625,888
1741678693.216205,temperature,0.001035451889038086,-46
1741678693.2170682,pressure,0.001659393310546875,924
1741678694.230332,temperature,0.012356281280517578,-24
1741678694.2310898,pressure,0.01249074935913086,1001
1741678695.2234228,temperature,0.0023534297943115234,-30
1741678695.2248635,pressure,0.0033669471740722656,957
1741678696.2246046,temperature,0.0010571479797363281,-17
1741678696.225182,pressure,0.0014138221740722656,1034
1741678697.2376418,temperature,0.011214733123779297,-25
1741678697.2392387,pressure,0.012329578399658203,1051
1741678698.2297235,temperature,0.0007729530334472656,32
1741678698.2304807,pressure,0.0013682842254638672,1034
1741678699.231652,temperature,0.0009903907775878906,47
1741678699.2319663,pressure,0.0011410713195800781,977
1741678700.2354198,temperature,0.0023429393768310547,28
1741678700.2360337,pressure,0.002529144287109375,962
1741678701.2481306,temperature,0.01205587387084961,3
1741678701.2509055,pressure,0.014487504959106445,907
1741678702.232447,temperature,0.0006122589111328125,31
1741678703.237278,temperature,0.0024797916412353516,34
1741678703.238506,pressure,0.0029294490814208984,901
1741678704.2516892,temperature,0.012412309646606445,69
1741678704.2525697,pressure,0.012602806091308594,991
1741678705.2451818,temperature,0.0020279884338378906,-14
1741678705.2577548,pressure,0.013771772384643555,973
1741678706.2485437,temperature,0.001028299331665039,-51
1741678706.258968,pressure,0.011077642440795898,910
1741678707.2523053,temperature,0.0018336772918701172,-85
1741678707.2650647,pressure,0.013765573501586914,1067
1741678708.2564623,temperature,0.0014238357543945312,-6
1741678708.2662954,pressure,0.010142803192138672,1076
1741678709.2588997,temperature,0.0008683204650878906,-61
1741678709.2595186,pressure,0.0013158321380615234,979
1741678710.2729933,temperature,0.013345003128051758,-15
1741678710.2746873,pressure,0.014635324478149414,932
1741678711.2649448,temperature,0.0021774768829345703,52
1741678711.266582,pressure,0.0033326148986816406,986
1741678713.2548738,temperature,0.006229400634765625,-65
1741678713.2555673,pressure,0.00586700439453125,996
1741678714.2523255,temperature,0.0005059242248535156,40
1741678714.2526436,pressure,0.0006833076477050781,990
1741678715.2620735,temperature,0.00759124755859375,56
1741678715.2631528,pressure,0.008266210556030273,937
1741678716.2568603,temperature,0.0004622936248779297,-60
1741678716.2570853,pressure,0.0005972385406494141,995
1741678717.2679555,temperature,0.009191274642944336,-36
1741678717.2696652,pressure,0.010470151901245117,1029
1741679070.148317,pressure,0.012459754943847656,875
1741679070.149707,light,0.013458490371704102,1600
1741679071.141655,pressure,0.0022525787353515625,991
1741679071.1424723,light,0.002608776092529297,800
1741679072.1436496,pressure,0.0014204978942871094,1000
1741679072.1441777,light,0.0017039775848388672,800
1741679073.151871,pressure,0.007929563522338867,933
1741679073.1520374,light,0.008001089096069336,1600
1741679074.1479256,pressure,0.001501321792602539,886
1741679074.158437,light,0.01145172119140625,800
1741679075.1571708,pressure,0.003016948699951172,1062
1741679075.1667297,light,0.008017778396606445,1100
1741679077.1556077,pressure,0.0074956417083740234,934
1741679077.156315,light,0.008101224899291992,1100
1741679078.1509714,pressure,0.0008530616760253906,1015
1741679078.151527,light,0.0012187957763671875,1600
1741679079.161537,pressure,0.010183095932006836,936
1741679079.1618075,light,0.01022791862487793,1100
1741679080.1556594,pressure,0.0018420219421386719,891
1741679080.16566,light,0.011518239974975586,1600
1741679081.1570547,pressure,0.0009601116180419922,1077
1741679081.157307,light,0.0010378360748291016,450
1741679082.1662695,pressure,0.008406400680541992,872
1741679082.1672733,light,0.009198188781738281,800
1741679083.1616373,pressure,0.001554250717163086,887
1741679083.1623855,light,0.0019958019256591797,450
1741679084.174668,pressure,0.011576175689697266,878
1741679084.1751623,light,0.011742591857910156,1100
1741679085.1669762,pressure,0.0013675689697265625,910
1741679085.1673665,light,0.0015423297882080078,1100
1741679086.1527066,pressure,0.00020694732666015625,920
1741679087.163424,pressure,0.009413719177246094,971
1741679087.1636405,light,0.009534597396850586,1600
1741679088.1580713,pressure,0.002239704132080078,872
1741679088.1590486,light,0.0028810501098632812,450
1741679089.1609452,pressure,0.0018262863159179688,981
1741679089.171958,light,0.010863542556762695,1600
1741679090.1663716,pressure,0.0021524429321289062,1081
1741679090.1776204,light,0.011497974395751953,450
1741679091.1708543,pressure,0.002126455307006836,893
1741679091.1719599,light,0.002778291702270508,1100
1741679092.1740952,pressure,0.002235889434814453,990
1741679092.175727,light,0.003473043441772461,450
1741679093.1758752,pressure,0.001397848129272461,1028
1741679093.1765778,light,0.0017290115356445312,1100
1741679094.1801214,pressure,0.001819610595703125,885
1741679094.190252,light,0.009931325912475586,800
1741679095.1855211,pressure,0.001888275146484375,971
1741679095.1955888,light,0.011036872863769531,1100
1741679096.1677072,pressure,0.0008642673492431641,1032
1741679096.1685429,light,0.0015850067138671875,1600
1741679097.1815856,pressure,0.011879920959472656,991
1741679097.1831656,light,0.012384653091430664,450
1741679098.1755638,pressure,0.001608133316040039,898
1741679098.1859388,light,0.010977983474731445,450
1741679099.1812167,pressure,0.0021109580993652344,897
1741679099.1825576,light,0.003050088882446289,800
1741679112.2075033,pressure,0.012168169021606445,884
1741679112.2094212,light,0.012803316116333008,800
1741679113.2020965,pressure,0.00215911865234375,1029
1741679113.212034,light,0.011586904525756836,1100
1741679114.2062676,pressure,0.0009417533874511719,900
1741679114.217109,light,0.011508703231811523,800
1741679115.2101781,pressure,0.0019421577453613281,1025
1741679115.220559,light,0.011906862258911133,1600
1741679116.2007198,pressure,0.0006928443908691406,914
1741679116.2027397,light,0.0026099681854248047,1600
1741679117.202928,pressure,0.0008559226989746094,871
1741679117.2140422,light,0.01176905632019043,450
1741679118.207046,pressure,0.001786947250366211,891
1741679118.2181845,light,0.012109756469726562,800
1741679119.210588,pressure,0.0016107559204101562,946
1741679119.2114146,light,0.0020635128021240234,1600
1741679120.2153342,pressure,0.0017321109771728516,969
1741679120.2319074,light,0.017549514770507812,450
1741679121.2194915,pressure,0.0017399787902832031,880
1741679121.2223463,light,0.004143953323364258,1600
1741679122.220764,pressure,0.0006358623504638672,1008
1741679122.2309628,light,0.010443687438964844,1600
1741679123.223929,pressure,0.0010042190551757812,905
1741679123.234463,light,0.010228633880615234,1600
1741679124.226604,pressure,0.0006983280181884766,1002
1741679124.2274086,light,0.0013692378997802734,1600
1741679125.2383895,pressure,0.011563777923583984,982
1741679125.239286,light,0.012279510498046875,1600
1741679127.2174501,pressure,0.009090185165405273,986
1741679127.2182112,light,0.009430408477783203,1100
1741679128.2121308,pressure,0.0008084774017333984,1072
1741679128.2231522,light,0.011503458023071289,450
1741679129.2167594,pressure,0.002111196517944336,952
1741679129.2266047,light,0.010704994201660156,450
1741679130.2222881,pressure,0.0031926631927490234,947
1741679130.2230084,light,0.002846956253051758,1100
1741679131.2232463,pressure,0.0007891654968261719,938
1741679131.2236068,light,0.0009529590606689453,450
1741679132.234994,pressure,0.010573387145996094,1037
1741679132.2353337,light,0.010680437088012695,450
1741722644.7995872,pressure,0.0019197463989257812,946
1741722644.8013327,location,0.0032536983489990234,Asia
1741722645.8032913,pressure,0.0015575885772705078,1025
1741722645.8132563,location,0.010818958282470703,Australia
1741722646.7888567,pressure,0.00640559196472168,978
1741722646.7890491,location,0.006424665451049805,America
1741722647.7855737,pressure,0.0015032291412353516,1002
1741722647.796093,location,0.011359214782714844,Africa
1741722648.788341,pressure,0.0014705657958984375,980
1741722648.7986486,location,0.01117086410522461,Africa
1741723305.102075,light,0.0019469261169433594,450
1741723305.1135468,location,0.012533426284790039,Asia
1741723306.1081574,light,0.0020220279693603516,450
1741723306.1090875,location,0.002497434616088867,Europe
1741723307.1112745,light,0.0008783340454101562,1100
1741723307.1212819,location,0.010513067245483398,Europe
1741723308.1059494,light,0.0008478164672851562,1100
1741723308.106257,location,0.0010416507720947266,Australia
1741723309.1184506,light,0.01141810417175293,800
1741723309.1203551,location,0.012875556945800781,Europe
1741723310.1121914,light,0.0018506050109863281,1600
1741723310.1136067,location,0.0028810501098632812,Asia
1741723311.113782,light,0.0017626285552978516,450
1741723311.1145542,location,0.002126455307006836,Africa
1741723312.1178439,light,0.002604961395263672,1100
1741723312.1186872,location,0.0029768943786621094,America
1741723313.1183815,light,0.0005774497985839844,450
1741723313.1315405,location,0.013663530349731445,Asia
1741723314.1224594,light,0.0020287036895751953,800
1741723314.124068,location,0.0032346248626708984,Europe
1741723972.9125817,airquality,0.011512041091918945,poor
1741723972.9144661,sound,0.012903213500976562,32
1741723973.9050663,airquality,0.0009989738464355469,poor
1741723973.9155266,sound,0.011141061782836914,39
1741723974.909743,airquality,0.0012602806091308594,good
1741723974.9199457,sound,0.011007308959960938,71
1741723975.9136834,airquality,0.0015637874603271484,good
1741723975.914784,sound,0.002363920211791992,43
1741723976.9266202,airquality,0.011302947998046875,poor
1741723976.9280887,sound,0.012598514556884766,65
1741723977.911551,airquality,0.0003681182861328125,poor
1741723978.9247737,airquality,0.010303974151611328,good
1741723978.926166,sound,0.010553598403930664,30
1741723979.9199178,airquality,0.0021300315856933594,poor
1741723979.920598,sound,0.002527475357055664,86
1741723980.9221535,airquality,0.002075672149658203,good
1741723980.9234593,sound,0.003033876419067383,73
1741723981.9254282,airquality,0.001912832260131836,poor
1741723981.9355419,sound,0.010934829711914062,52
1741723982.9324446,airquality,0.0019915103912353516,poor
1741723982.9421866,sound,0.011172294616699219,77
1741723983.9363859,airquality,0.0020079612731933594,good
1741723983.9375136,sound,0.002512216567993164,49
1741723984.9490192,airquality,0.011147022247314453,good
1741723984.952495,sound,0.014291048049926758,77
1741723985.9430022,airquality,0.001711130142211914,poor
1741723985.9435778,sound,0.0020325183868408203,31
1741723986.9520605,airquality,0.009021759033203125,good
1741723986.9522104,sound,0.00907754898071289,31
1741723987.9279478,airquality,0.0005939006805419922,good
1741723988.9315271,airquality,0.001913309097290039,poor
1741723988.9328148,sound,0.002929210662841797,70
1741723989.9431484,airquality,0.011985063552856445,good
1741723989.9442768,sound,0.01287221908569336,35
1741723991.3896039,airquality,0.4414498805999756,poor
1741723991.4017386,sound,0.45316600799560547,80
1741723991.9521208,airquality,0.0007803440093994141,poor
1741723991.952326,sound,0.0008020401000976562,76
1741723992.9618587,airquality,0.004623889923095703,poor
1741723992.9636858,sound,0.0063152313232421875,91
1741723993.9595387,airquality,0.0006048679351806641,poor
1741723993.9600008,sound,0.0009126663208007812,82
1741723994.9668217,airquality,0.0062215328216552734,good
1741723994.9671972,sound,0.006441831588745117,95
1741723995.9654787,airquality,0.0015683174133300781,poor
1741723995.9762356,sound,0.01150655746459961,80
1741723996.9679575,airquality,0.0008001327514648438,poor
1741723996.9793365,sound,0.011789083480834961,80
1741723997.9390125,airquality,0.0005941390991210938,good
1741723997.9395196,sound,0.0009799003601074219,77
1741723998.9440901,airquality,0.0025780200958251953,smog
1741723998.9449234,sound,0.002797842025756836,47
1741723999.946245,airquality,0.0011632442474365234,good
1741723999.9473426,sound,0.001980304718017578,66
1741724000.9492507,airquality,0.0016016960144042969,good
1741724000.9499924,sound,0.0020203590393066406,76
1741724001.950928,airquality,0.0009746551513671875,smog
1741724001.9518783,sound,0.0017170906066894531,49
1741724002.9538536,airquality,0.001562356948852539,good
1741724002.95432,sound,0.001768350601196289,55
1741724003.9564772,airquality,0.001474618911743164,good
1741724003.9570882,sound,0.001813650131225586,75
1741724004.957648,airquality,0.0007064342498779297,poor
1741724004.968926,sound,0.011830806732177734,53
1741724005.9594195,airquality,0.0007240772247314453,poor
1741724005.959668,sound,0.0008347034454345703,46
1741724006.9699597,airquality,0.009460210800170898,good
1741724006.9702458,sound,0.009516000747680664,41
1741724007.9428668,airquality,0.00032401084899902344,poor
1741724008.951158,airquality,0.006135463714599609,poor
1741724008.9518216,sound,0.006601572036743164,30
1741724009.9586995,airquality,0.011520862579345703,poor
1741724009.959077,sound,0.011715412139892578,74
1741724010.951793,airquality,0.0015132427215576172,good
1741724010.9636588,sound,0.012739419937133789,85
1741724011.9540856,airquality,0.0009121894836425781,smog
1741724011.9543686,sound,0.0010323524475097656,66
1741724012.962435,airquality,0.007432699203491211,good
1741724012.962865,sound,0.007708072662353516,83
1741724013.9597065,airquality,0.0017235279083251953,smog
1741724013.9603288,sound,0.002073526382446289,78
1741724014.972404,airquality,0.011039495468139648,smog
1741724014.9730144,sound,0.01109170913696289,65
1741724015.9654293,airquality,0.0016491413116455078,good
1741724015.9660127,sound,0.001739501953125,61
1741724016.9681168,airquality,0.0007891654968261719,poor
1741724016.9711225,sound,0.003567218780517578,62
1741724017.972155,airquality,0.0015513896942138672,poor
1741724017.9739478,sound,0.0030057430267333984,82
1741724018.9755056,airquality,0.0020322799682617188,poor
1741724018.976029,sound,0.0019855499267578125,47
1741724292.3394282,temperature,0.0010018348693847656,-17
1741724292.340171,altitude,0.0015668869018554688,1606
1741724293.350782,temperature,0.011474847793579102,-83
1741724293.351093,altitude,0.01136469841003418,5987
1741724294.3428679,temperature,0.0010848045349121094,3
1741724294.343407,altitude,0.0014159679412841797,35151
1741724295.3518023,temperature,0.008713960647583008,87
1741724295.3520567,altitude,0.00884866714477539,1166
1741724296.3466961,temperature,0.0014789104461669922,21
1741724296.3475056,altitude,0.0020368099212646484,1157
1741724297.3590927,temperature,0.011865854263305664,13
1741724297.3596127,altitude,0.011912822723388672,19005
1741724298.3528929,temperature,0.001352548599243164,66
1741724298.3635886,altitude,0.011588573455810547,22409
1741724299.3570187,temperature,0.0015587806701660156,96
1741724299.3580153,altitude,0.002309083938598633,13706
1741724300.371373,temperature,0.013399600982666016,32
1741724300.3720338,altitude,0.013497114181518555,31721
1741724301.3620417,temperature,0.0011868476867675781,-17
1741724301.3626711,altitude,0.0013751983642578125,19975
1741724302.377503,temperature,0.012384414672851562,-27
1741724302.3792892,altitude,0.013915777206420898,3410
1741724303.3693058,temperature,0.0014688968658447266,5
1741724303.370107,altitude,0.0019741058349609375,851
1741724304.3716183,temperature,0.001215219497680664,-53
1741724304.372233,altitude,0.0016040802001953125,5782
1741855710.0911627,humidity,0.0027387142181396484,64.62693416005985
1741855710.1010268,location,0.012128829956054688,Asia
1741855710.1116922,humidity,0.02326822280883789,64.62693416005985
1741855710.122071,location,0.0331730842590332,Asia
1741855711.093236,humidity,0.001975536346435547,20.130109699604695
1741855711.1046376,location,0.013138771057128906,Africa
1741855711.1146402,humidity,0.023379802703857422,20.130109699604695
1741855711.125668,location,0.03416919708251953,Africa
1741855712.0959926,humidity,0.0024564266204833984,43.227790611693486
1741855712.107341,location,0.013331174850463867,Asia
1741855712.1213787,humidity,0.02784252166748047,43.227790611693486
1741855712.1292093,location,0.03519940376281738,Asia
1741855713.097697,humidity,0.0011453628540039062,91.75237619838296
1741855713.107889,humidity,0.0113372802734375,91.75237619838296
1741855714.112288,humidity,0.0007691383361816406,43.356479952646794
1741855714.122853,location,0.01104283332824707,Africa
1741855714.1392202,humidity,0.027701377868652344,43.356479952646794
1741855714.149813,location,0.038002729415893555,Africa
1741855715.1131122,humidity,0.0005996227264404297,56.558437263175165
1741855715.1233242,location,0.010518074035644531,Europe
1741855715.1337829,humidity,0.021270275115966797,56.558437263175165
1741855715.1438699,location,0.03106379508972168,Europe
1741855716.1176245,humidity,0.0024356842041015625,23.501251304704553
1741855716.127949,location,0.011148929595947266,Africa
1741855716.1388242,humidity,0.023635387420654297,23.501251304704553
1741855716.1488805,location,0.03208041191101074,Africa
1741855717.1234825,humidity,0.0030210018157958984,60.369560022860284
1741855717.1334195,location,0.011730194091796875,America
1741855717.1439848,humidity,0.023523330688476562,60.369560022860284
1741855717.154132,location,0.032442569732666016,America
1741855718.1254206,humidity,0.0012273788452148438,32.26496594460714
1741855718.1359572,location,0.01121664047241211,Africa
1741855718.1458118,humidity,0.02161860466003418,32.26496594460714
1741855718.1561265,location,0.03138589859008789,Africa
1741855742.9971879,altitude,0.0011391639709472656,2492
1741855743.007434,sound,0.010984182357788086,67
1741855743.0173945,altitude,0.021345853805541992,2492
1741855743.0275152,sound,0.03106546401977539,67
1741855744.0005357,altitude,0.0016770362854003906,7459
1741855744.0106494,sound,0.011492490768432617,48
1741855744.0287695,altitude,0.029910802841186523,7459
1741855744.0315645,sound,0.032407522201538086,48
1741855745.0038426,altitude,0.003095865249633789,22747
1741855745.0146306,sound,0.013499021530151367,50
1741855745.0248635,altitude,0.02411675453186035,22747
1741855745.03523,sound,0.03409838676452637,50
1741855746.0062785,altitude,0.0023059844970703125,20357
1741855746.016475,sound,0.012057781219482422,78
1741855746.0264404,altitude,0.022467851638793945,20357
1741855746.0367436,sound,0.032326459884643555,78
1741855747.0096967,altitude,0.002065420150756836,14138
1741855747.0217993,sound,0.013830184936523438,73
1741855747.0323615,altitude,0.024730205535888672,14138
1741855747.0425506,sound,0.03458142280578613,73
1741855748.012563,altitude,0.0020189285278320312,30732
1741855748.0249462,sound,0.014089107513427734,92
1741855748.03387,altitude,0.02332592010498047,30732
1741855748.044599,sound,0.03374195098876953,92
1741855749.0140178,altitude,0.0010395050048828125,37155
1741855749.0248132,sound,0.011663675308227539,38
1741855749.0349584,altitude,0.02198004722595215,37155
1741855749.04505,sound,0.03190040588378906,38
1741855750.0169873,altitude,0.0016257762908935547,16376
1741855750.0288825,sound,0.013154029846191406,88
1741855750.0380218,altitude,0.022660255432128906,16376
1741855750.0482645,sound,0.03253602981567383,88
1741855751.0219593,altitude,0.0030536651611328125,13669
1741855751.032009,sound,0.011626482009887695,58
1741855751.0415814,altitude,0.022675752639770508,13669
1741855751.0521939,sound,0.03181147575378418,58
1741855752.0056462,altitude,0.0017778873443603516,29444
1741855752.0152311,altitude,0.011362791061401367,29444
1741855753.0105817,altitude,0.0033097267150878906,24706
1741855753.0207627,sound,0.012666702270507812,46
1741855753.031582,altitude,0.02431011199951172,24706
1741855753.0416267,sound,0.03353071212768555,46
1741855754.0156837,altitude,0.003268718719482422,13994
1741855754.0293427,sound,0.016499757766723633,73
1741855754.0361075,altitude,0.023692607879638672,13994
1741855754.046679,sound,0.03383612632751465,73
1741855755.0159106,altitude,0.000978231430053711,8761
1741855755.0262945,sound,0.011205673217773438,54
1741855755.0367649,altitude,0.02183246612548828,8761
1741855755.0469415,sound,0.03185272216796875,54
1741855756.019968,altitude,0.002252817153930664,37011
1741855756.0340796,sound,0.01579904556274414,64
1741855756.0459552,altitude,0.028239965438842773,37011
1741855756.0568721,sound,0.038591623306274414,64
1741855757.0249302,altitude,0.0030755996704101562,24233
1741855757.0357573,sound,0.013515233993530273,91
1741855757.0462322,altitude,0.02437758445739746,24233
1741855757.05651,sound,0.03426790237426758,91
1741855758.0260506,altitude,0.0008716583251953125,789
1741855758.0364318,sound,0.011084318161010742,91
1741855758.0466535,altitude,0.021474599838256836,789
1741855758.05731,sound,0.03196263313293457,91
1741855759.0298,altitude,0.0022432804107666016,28583
1741855759.0417929,sound,0.01382589340209961,41
1741855759.0519516,altitude,0.024394989013671875,28583
1741855759.0620742,sound,0.034107208251953125,41
1741855760.0345502,altitude,0.002390146255493164,17853
1741855760.0452297,sound,0.012632369995117188,36
1741855760.0561376,altitude,0.02397751808166504,17853
1741855760.0664732,sound,0.03387594223022461,36
1741855761.0362577,altitude,0.0008099079132080078,28413
1741855761.0466278,sound,0.010589122772216797,92
1741855761.0571823,altitude,0.02173447608947754,28413
1741855761.0674574,sound,0.031418800354003906,92
1741855763.034635,altitude,0.005880117416381836,25511
1741855763.0450554,sound,0.016011714935302734,39
1741855763.0553052,altitude,0.001886606216430664,23485
1741855763.07239,altitude,0.04363512992858887,25511
1741855763.092646,sound,0.06360220909118652,39
1741855763.1017878,sound,0.048238277435302734,30
1741855763.1033251,altitude,0.04990649223327637,23485
1741855763.1143308,sound,0.060781240463256836,30
1741855765.060687,altitude,0.002731800079345703,32041
1741855765.0708892,sound,0.012412548065185547,59
1741855766.0638192,altitude,0.0025010108947753906,35399
1741855766.0747302,sound,0.012976408004760742,89
1741855767.0675085,altitude,0.0025687217712402344,9325
1741855767.0806863,sound,0.015279531478881836,52
1741855768.069855,altitude,0.0009212493896484375,17267
1741855768.0805235,sound,0.011416435241699219,91
1741855769.0752435,altitude,0.0019865036010742188,27029
1741855769.0853002,sound,0.01056814193725586,49
1741855770.0792947,altitude,0.0014655590057373047,30865
1741855770.0913334,sound,0.013210535049438477,60
1741855771.082517,altitude,0.0020639896392822266,18091
1741855771.0955837,sound,0.01474452018737793,91
1741855772.0855768,altitude,0.0022847652435302734,5145
1741855772.0963073,sound,0.012569189071655273,89
1741855773.0735202,altitude,0.0007483959197998047,13622
1741855774.077162,altitude,0.0021212100982666016,29945
1741855774.0890553,sound,0.013663530349731445,92
1741855775.0789897,altitude,0.0018379688262939453,31687
1741855775.0918577,sound,0.014316797256469727,52
1741855776.0816507,altitude,0.0020172595977783203,23602
1741855776.0926116,sound,0.012674331665039062,94
1741855777.0833461,altitude,0.001257181167602539,1547
1741855777.0951552,sound,0.011174440383911133,41
1741855778.0908206,altitude,0.0034999847412109375,6311
1741855778.1019807,sound,0.013753890991210938,81
1741855779.0961924,altitude,0.003306150436401367,1399
1741855779.1068127,sound,0.011034965515136719,91
1741855780.099783,altitude,0.0016548633575439453,7301
1741855780.1107202,sound,0.011386632919311523,63
1741855781.1040752,altitude,0.002021312713623047,25377
1741855781.1144722,sound,0.011968612670898438,74
1741855782.1065776,altitude,0.0017619132995605469,2048
1741855782.1175232,sound,0.012446880340576172,35
1741855783.0852637,altitude,0.0006208419799804688,21531
1741855783.1089392,sound,0.024115324020385742,84
1741855784.090083,altitude,0.0022852420806884766,31480
1741855784.1009543,sound,0.012741565704345703,49
1741855785.093,altitude,0.0022735595703125,18983
1741855785.105168,sound,0.01404571533203125,31
1741855786.0956118,altitude,0.0018143653869628906,34158
1741855786.1088123,sound,0.014668703079223633,74
1741855787.1004388,altitude,0.0026874542236328125,3467
1741855787.1110108,sound,0.01248621940612793,67
1741855788.1046116,altitude,0.0026133060455322266,20754
1741855788.1147738,sound,0.012241840362548828,77
1741855789.106251,altitude,0.0014195442199707031,2302
1741855789.117223,sound,0.012019872665405273,93
1741855790.1125011,altitude,0.0025217533111572266,2854
1741855790.1229599,sound,0.011214971542358398,83
1741855791.1173542,altitude,0.002682209014892578,39103
1741855791.1279142,sound,0.012619733810424805,50
1741855792.12051,altitude,0.0022568702697753906,35259
1741855792.1308866,sound,0.012085914611816406,47
1741855793.12107,altitude,0.0044133663177490234,25754
1741855793.1312428,sound,0.014282464981079102,48
1741855794.1224453,altitude,0.002500295639038086,21266
1741855794.1331272,sound,0.011952877044677734,69
1741855796.148464,altitude,0.0013778209686279297,13362
1741855796.1593165,sound,0.011449813842773438,90
1741855797.152956,altitude,0.0023484230041503906,8962
1741855797.1687932,sound,0.016147136688232422,88
1741855798.1575987,altitude,0.002170085906982422,18933
1741855798.1691573,sound,0.013258695602416992,41
1741855799.1604917,altitude,0.0019009113311767578,25919
1741855799.171314,sound,0.011961221694946289,63
1741855800.1639528,altitude,0.0017132759094238281,8626
1741855800.1748934,sound,0.012299776077270508,54
1741855801.168986,altitude,0.0026810169219970703,11445
1741855801.1938932,sound,0.026818037033081055,90
1741855802.1768527,altitude,0.003453493118286133,6128
1741855802.188933,sound,0.015360355377197266,87
1741855803.1782534,altitude,0.001991748809814453,34042
1741855803.191016,sound,0.014366626739501953,34
1741855804.1502311,altitude,0.0005161762237548828,15851
1741855805.153687,altitude,0.0016324520111083984,37443
1741855805.1645482,sound,0.009819507598876953,61
1741855806.159823,altitude,0.0017893314361572266,15297
1741855806.1721368,sound,0.01335453987121582,90
1741855807.164101,altitude,0.0014522075653076172,13168
1741855807.1752272,sound,0.012321233749389648,58
1741855808.16625,altitude,0.0011932849884033203,8648
1741855808.1785047,sound,0.013139724731445312,31
1741855809.1682668,altitude,0.0005011558532714844,7974
1741855809.1789892,sound,0.011145591735839844,74
1741855810.172904,altitude,0.0023260116577148438,7426
1741855810.1846757,sound,0.013565540313720703,50
1741855811.1759212,altitude,0.0017366409301757812,34796
1741855811.187019,sound,0.012362957000732422,58
1741855812.1775153,altitude,0.0009338855743408203,13139
1741855812.1885536,sound,0.01171731948852539,58
1741855813.1794815,altitude,0.0008585453033447266,1757
1741855813.1903753,sound,0.011554241180419922,70
1741855815.1646476,altitude,0.0016126632690429688,26429
1741855815.175312,sound,0.011746406555175781,72
1741855816.1684382,altitude,0.0016050338745117188,13659
1741855816.179426,sound,0.011456966400146484,39
1741855817.1725137,altitude,0.0022902488708496094,29702
1741855817.1854296,sound,0.014042139053344727,86
1741855818.175366,altitude,0.0009710788726806641,26394
1741855818.1862392,sound,0.011658668518066406,50
1741855819.1767454,altitude,0.00043702125549316406,19931
1741855819.187401,sound,0.011012554168701172,93
1741855820.1802332,altitude,0.0017459392547607422,31346
1741855820.1906846,sound,0.011765241622924805,45
1741855821.1826138,altitude,0.0016484260559082031,3517
1741855821.1946778,sound,0.013304948806762695,89
1741855822.1854043,altitude,0.0017099380493164062,31315
1741855822.1958914,sound,0.011780977249145508,53
1741855823.186923,altitude,0.0005176067352294922,22060
1741855823.197164,sound,0.010680198669433594,94
1741855824.1979072,altitude,0.0007085800170898438,9083
1741855824.207873,sound,0.01059412956237793,37
1741855825.212739,altitude,0.001840829849243164,1874
1741855825.2360556,sound,0.024657249450683594,45
1741855827.2169702,altitude,0.0010199546813964844,33445
1741855827.227199,sound,0.011072397232055664,43
1741855828.2213678,altitude,0.0030264854431152344,39220
1741855828.2321126,sound,0.013376712799072266,69
1741855829.2215338,altitude,0.0009369850158691406,28002
1741855829.2317297,sound,0.011007070541381836,74
1741855830.2253458,altitude,0.0025985240936279297,5902
1741855830.2357068,sound,0.01270151138305664,92
1741855831.2289526,altitude,0.002549886703491211,25400
1741855831.2393174,sound,0.01249837875366211,84
1741855832.2312586,altitude,0.0018248558044433594,33154
1741855832.2427921,sound,0.01299285888671875,37
1741855833.235965,altitude,0.0027425289154052734,5990
1741855833.2467005,sound,0.013071775436401367,63
1741855834.2386806,altitude,0.0023720264434814453,7821
1741855834.2492878,sound,0.012519121170043945,57
1741855835.2421217,altitude,0.002907991409301758,32619
1741855835.2532248,sound,0.013598203659057617,39
1741855836.2446935,altitude,0.002338886260986328,9731
1741855836.2558706,sound,0.013104438781738281,81
